AA f, 7, 17368
AB f, 17378, 43247
AC f, 43251, 75902
AD f, 75903, 112709
AE f, 112710, 157196
AF f, 157197, 203469
AG f, 203477, 271234
AH f, 271235, 351085
AI f, 351090, 482298
AJ f, 482301, 621067
AK f, 621073, 737618
AL f, 737624, 880605
AM f, 880607, 1011391
AN f, 1011392, 1154933
AO f, 1154938, 1323722
AP f, 1323725, 1459738
AQ f, 1459742, 1593352
AR f, 1593355, 1723740
AS f, 1723742, 1857194
AT f, 1857195, 1997266
AU f, 1997270, 2152347
AV f, 2152355, 2299035
AW f, 2299044, 2453970
AX f, 2453975, 2625019
AY f, 2625030, 2779936
AZ f, 2779937, 2964092
BA f, 2964096, 3121252
BB f, 3121257, 3272738
BC f, 3272740, 3432499
BD f, 3432500, 3583825
BE f, 3583827, 3736019
BF f, 3736026, 3925059
BG f, 3925062, 4085591
BH f, 4085594, 4250466
BI f, 4250468, 4411637
BJ f, 4411643, 4565704
BK f, 4565707, 4717190
BL f, 4717192, 4870249
BM f, 4870259, 5022606
BN f, 5022607, 5191902
BO f, 5191908, 5349295
BP f, 5349303, 5645110
BQ f, 5645114, 5956493
BR f, 5956495, 6162978
BS f, 6162980, 6378425
BT f, 6378427, 6592559
BU f, 6592560, 6768610
BV f, 6768625, 6962241
BW f, 6962293, 7179481
BX f, 7179486, 7318646